GPA,Gender,Age,University,Satisfaction,ChosenBy,ADL,ChosenProfession,Inspires,Lack,WantedProfession,Сourse,StudyType,Working,ByProfession,Stress
3.4,Женский,20,Turan,Нейтрален,Я сам(а) выбрал(а),"Да, исключительно из-за учителей или образования",Финансист,Перспектива карьерного роста,Высокий уровень стресса,Врач,3,Грант,Да,Да,Редко
3.4,Женский,20,Turan,Нейтрален,Я сам(а) выбрал(а),"Да, исключительно из-за учителей или образования",Финансист,Финансовая стабильность,Монотонная работа,Врач,3,Грант,Да,Да,Редко
3.4,Женский,20,KBTU,Скорее доволен,Я сам(а) выбрал(а),Мне нравится моя профессия,Программист,Финансовая стабильность,Монотонная работа,Врач,3,Грант,Да,Нет,Нет
2,Мужской,20,KBTU,Нейтрален,Я сам(а) выбрал(а),"Да, но только из за учителей",Автоматизация,Финансовая стабильность,Недостаток поддержки со стороны учителей,Спортсмен,3,Платный,Да,Нет,Редко
3,Женский,20,KBTU,Нейтрален,Родители,"Да, но только из за учителей",Программист,Возможность творчества и самовыражения,Высокий уровень стресса,Программист,3,Грант,Нет,Нет,"Да, много раз думал изменить ли мне профессию"
3.5,Женский,20,Turan,Скорее доволен,Я сам(а) выбрал(а),Мне нравится моя профессия,Финансист,Возможность влиять на изменения в области,Низкая оплата труда,Финансист,3,Грант,Да,Да,"Да, я просто хотел отучиться в гранте"
2.45,Мужской,20,Turan,Нейтрален,Я сам(а) выбрал(а),Мне нравится моя профессия,Финансист,Перспектива карьерного роста,Недостаток поддержки со стороны учителей,Финансист,3,Платный,Нет,,Нет
3.6,Женский,20,KBTU,Нейтрален,Я сам(а) выбрал(а),"Нет, это не связано с учителями или образованием",Программист,Финансовая стабильность,Нет мотивации,Архитектор,3,Грант,Нет,Нет,"Да, я просто хотел отучиться в гранте"
3.1,Женский,22,KBTU,Очень доволен,Я сам(а) выбрал(а),"Да, исключительно из-за учителей или образования",Автоматизация,Возможность творчества и самовыражения,Ничего,Инженер,4,Грант,Да,Да,Нет
3.3,Женский,21,KBTU,Скорее доволен,Я сам(а) выбрал(а),"Да, но это только из за образования",Программист,Перспектива карьерного роста,Высокий уровень стресса,Финансист,4,Грант,Да,Да,"Да, много раз думал изменить ли мне профессию"
2.6,Женский,20,SDU,Нейтрален,Я сам(а) выбрал(а),"Нет, это не связано с учителями или образованием",Программист,Перспектива карьерного роста,Высокий уровень стресса,Дизайнер,3,Грант,Нет,Нет,Редко
3.4,Женский,19,SDU,Очень доволен,Родственники,Мне нравится моя профессия,Программист,Возможность творчества и самовыражения,Монотонная работа,Программист,3,Грант,Нет,,Редко
2.6,Женский,19,SDU,Скорее доволен,Родители,"Да, но это только из за образования",Программист,Перспектива карьерного роста,Высокий уровень стресса,Балерина,3,Грант,Нет,Да,"Да, я просто хотел отучиться в гранте"
3,Женский,20,SDU,Скорее доволен,Я сам(а) выбрал(а),Мне нравится моя профессия,Программист,Возможность влиять на изменения в области,Высокий уровень стресса,Диспетчер,3,Грант,Нет,Да,получаю стресс но не хочу изменить профессию
3.4,Мужской,18,SDU,Скорее доволен,Родственники,Мне нравится моя профессия,Программист,Перспектива карьерного роста,Высокий уровень стресса,Программист,2,Грант,Нет,Нет,Нет
3,Женский,19,KBTU,Нейтрален,Интернет,"Нет, это не связано с учителями или образованием",Программист,Перспектива карьерного роста,Высокий уровень стресса,Не знаю,3,Грант,Нет,Нет,"Да, много раз думал изменить ли мне профессию"
3.4,Женский,20,МУА(Астана),Скорее доволен,Я сам(а) выбрал(а),"Да, исключительно из-за учителей или образования",Врач,Удовлетворение от помощи другим людям,Низкая оплата труда,Врач,3,Грант,Нет,Нет,Редко
3.4,Женский,20,МУА(Астана),Очень доволен,Я сам(а) выбрал(а),Мне нравится моя профессия,Врач,Возможность влиять на изменения в области,Высокий уровень стресса,Педагогика,3,Грант,Нет,Нет,"Да, я просто хотел отучиться в гранте"
3.2,Женский,19,МУА(Астана),Нейтрален,Я сам(а) выбрал(а),"Да, исключительно из-за учителей или образования",Врач,Возможность влиять на изменения в области,Низкая оплата труда,Врач,3,Грант,Нет,Нет,"Да, много раз думал изменить ли мне профессию"
3.2,Женский,20,МУА(Астана),Очень доволен,Я сам(а) выбрал(а),"Да, исключительно из-за учителей или образования",Врач,Возможность влиять на изменения в области,Низкая оплата труда,Врач,3,Грант,Нет,Нет,Редко
2.2,Мужской,19,SDU,Скорее доволен,Я сам(а) выбрал(а),"Да, но это только из за образования",Программист,Возможность влиять на изменения в области,Переизбыток специалистов,Педагогика,3,Грант,Да,Нет,Редко
2.9,Мужской,20,SDU,Очень доволен,Я сам(а) выбрал(а),"Нет, это не связано с учителями или образованием",Программист,Перспектива карьерного роста,Недостаток поддержки со стороны учителей,Прораммист,3,Грант,Да,Да,Редко
3.1,Мужской,20,SDU,Скорее доволен,Я сам(а) выбрал(а),Мне нравится моя профессия,Программист,Перспектива карьерного роста,Высокий уровень стресса,Программист,3,Грант,Нет,Нет,Редко
3.5,Женский,20,МУА(Астана),Нейтрален,Я сам(а) выбрал(а),"Нет, это не связано с учителями или образованием",Врач,Удовлетворение от помощи другим людям,Низкая оплата труда,Врач,3,Грант,Нет,,"Да, много раз думал изменить ли мне профессию"
3.5,Мужской,20,Turan,Скорее доволен,Я сам(а) выбрал(а),"Да, но только из за учителей",Финансист,Финансовая стабильность,Высокий уровень стресса,Архитектор,3,Грант,Да,Да,Редко
2.9,Женский,20,SDU,Скорее доволен,Я сам(а) выбрал(а),"Нет, это не связано с учителями или образованием",Программист,Перспектива карьерного роста,Монотонная работа,Архитектор,3,Грант,Нет,Нет,"Да, много раз думал изменить ли мне профессию"
3.4,Мужской,20,KBTU,Очень доволен,Я сам(а) выбрал(а),Мне нравится моя профессия,Автоматизация,Перспектива карьерного роста,,Инженер,3,Грант,Нет,,Нет
3.4,Женский,20,МУА(Астана),Скорее доволен,Я сам(а) выбрал(а),"Да, исключительно из-за учителей или образования",Врач,Удовлетворение от помощи другим людям,Низкая оплата труда,Врач,3,Грант,Нет,Нет,Редко
3.2,Женский,20,МУА(Астана),Скорее доволен,Я сам(а) выбрал(а),"Да, исключительно из-за учителей или образования",Врач,Удовлетворение от помощи другим людям,Высокий уровень стресса,Дизайнер,3,Грант,Да,Нет,"Да, много раз думал изменить ли мне профессию"
3,Мужской,21,КазГАСА,Очень доволен,Я сам(а) выбрал(а),Мне нравится моя профессия,Архитектор,Возможность творчества и самовыражения,Монотонная работа,Архитектор,3,Платный,Нет,Нет,"Да, я просто хотел отучиться в гранте"
3,Женский,18,Асфендияров,Скорее доволен,Я сам(а) выбрал(а),"Да, исключительно из-за учителей или образования",Врач,Возможность творчества и самовыражения,,Не знаю,1,Грант,Нет,Да,"Да, много раз думал изменить ли мне профессию"
3.3,Мужской,19,КазНУ,Скорее доволен,Я сам(а) выбрал(а),"Нет, это не связано с учителями или образованием",Электроэнергетика,Финансовая стабильность,Недостаток поддержки со стороны учителей,Педагогика,3,Грант,Да,Да,Получал стресс изза того что приходилось много учиться 
2.5,Мужской,20,SDU,Очень недоволен,Директор ,"Нет, это не связано с учителями или образованием",Программист,Возможность творчества и самовыражения,Монотонная работа,Программист,4,Грант,Да,Нет,Нет
3.4,Мужской,19,Жубанов(Актобе),Нейтрален,Родители,"Нет, это не связано с учителями или образованием",Педагогика,Удовлетворение от помощи другим людям,Ограниченные возможности для карьерного роста,Военный,3,Грант,Да,Да,"Да, много раз думал изменить ли мне профессию"
3.2,Женский,20,SDU,Скорее доволен,Учителя,"Нет, это не связано с учителями или образованием",Программист,Возможность влиять на изменения в области,Ограниченные возможности для карьерного роста,Программист,3,Грант,Нет,Нет,Редко
3.5,Женский,20,Жубанов(Актобе),Скорее доволен,Учителя,"Нет, это не связано с учителями или образованием",Педагогика,Перспектива карьерного роста,Высокий уровень стресса,Педагогика,3,Грант,Нет,Нет,Редко
2.5,Мужской,19,SDU,Скорее доволен,Я сам(а) выбрал(а),Мне нравится моя профессия,Программист,Возможность влиять на изменения в области,Высокий уровень стресса,Космонавт,2,Грант,Нет,Нет,Редко
2.2,Женский,20,SDU,Нейтрален,Я сам(а) выбрал(а),"Нет, это не связано с учителями или образованием",Программист,Возможность влиять на изменения в области,Высокий уровень стресса,Маркетолог,3,Грант,Нет,Нет,"Да, много раз думал изменить ли мне профессию"
2.6,Мужской,20,КазНУ,Скорее недоволен,Родители,"Да, но это только из за образования",Электроэнергетика,Возможность влиять на изменения в области,Монотонная работа,Не знаю,3,Грант,Да,Нет,"Да, много раз думал изменить ли мне профессию"
3.3,Женский,19,SDU,Нейтрален,Я сам(а) выбрал(а),"Да, исключительно из-за учителей или образования",Программист,,Низкая оплата труда,Не знаю,2,Грант,Да,Да,Нет
3,Мужской,18,KBTU,Скорее доволен,Родители,"Да, но только из за учителей",Программист,Возможность творчества и самовыражения,Ограниченные возможности для карьерного роста,Не знаю,1,Грант,Нет,Нет,"Да, много раз думал изменить ли мне профессию"
2.9,Женский,19,КазНУ,Нейтрален,Интернет,,Электроэнергетика,Финансовая стабильность,Монотонная работа,Бизнес,3,Грант,Да,Нет,"Да, я просто хотел отучиться в гранте"
3.9,Мужской,19,SDU,Скорее доволен,Я сам(а) выбрал(а),"Да, но только из за учителей",Программист,Перспектива карьерного роста,Недостаток поддержки со стороны учителей,Не знаю,3,Грант,Нет,Нет,Редко
3,Женский,20,SDU,Скорее доволен,Я сам(а) выбрал(а),Мне нравится моя профессия,Программист,Перспектива карьерного роста,Недостаток поддержки со стороны учителей,Финансист,3,Грант,Нет,,Нет
3.1,Мужской,20,Жубанов(Актобе),Очень доволен,Я сам(а) выбрал(а),Мне нравится моя профессия,Педагогика,Перспектива карьерного роста,Ограниченные возможности для карьерного роста,Архитектор,3,Грант,Да,Да,Редко
3.8,Мужской,19,КазНУ,Очень доволен,Родственники,"Нет, это не связано с учителями или образованием",Автоматизация,Возможность влиять на изменения в области,Высокий уровень стресса,Человек Паук,3,Грант,Да,Нет,Редко
2.4,Мужской,21,SDU,Нейтрален,Я сам(а) выбрал(а),"Нет, это не связано с учителями или образованием",Дизайнер ,Возможность творчества и самовыражения,Монотонная работа,Режиссер,4,Грант,Да,Нет,Редко
3.4,Мужской,20,Turan,Скорее доволен,Я сам(а) выбрал(а),"Да, но только из за учителей",Финансист,Финансовая стабильность,Недостаток поддержки со стороны учителей,Финансист,3,Платный,Нет,Да,Нет
3.3,Женский,20,Жубанов(Актобе),Нейтрален,Я сам(а) выбрал(а),"Да, но это только из за образования",Педагогика,Финансовая стабильность,Монотонная работа,Не знаю,3,Грант,Нет,Нет,"Да, я просто хотел отучиться в гранте"
2.9,Мужской,19,SDU,Скорее доволен,Я сам(а) выбрал(а),"Да, исключительно из-за учителей или образования",Программист,Возможность творчества и самовыражения,Недостаток поддержки со стороны учителей,Программист,3,Грант,Нет,Нет,Нет
2.9,Мужской,20,SDU,Нейтрален,Учителя,"Да, но это только из за образования",Педагогика,Удовлетворение от помощи другим людям,Низкая оплата труда,инстасамкой,3,Грант,Да,Нет,"Да, много раз думал изменить ли мне профессию"
2.9,Женский,19,SDU,Скорее доволен,Я сам(а) выбрал(а),Мне нравится моя профессия,Педагогика,Удовлетворение от помощи другим людям,,Педагогика,3,Грант,Нет,,Нет
3,Мужской,20,ЗКМУ,Нейтрален,Я сам(а) выбрал(а),"Нет, это не связано с учителями или образованием",Врач,Удовлетворение от помощи другим людям,Низкая оплата труда,Врач,3,Грант,Да,Нет,"Да, много раз думал изменить ли мне профессию"
3,Женский,19,Международный Университет ,Скорее недоволен,Родители,"Да, исключительно из-за учителей или образования",Педагогика,Финансовая стабильность,Высокий уровень стресса,Архитектор,3,Грант,Да,Нет,"Да, я просто хотел отучиться в гранте"
3.2,Мужской,19,ЗКМУ,Скорее недоволен,Я сам(а) выбрал(а),"Да, исключительно из-за учителей или образования",Врач,Удовлетворение от помощи другим людям,Низкая оплата труда,Суд.мед.экспертом,3,Грант,Да,Нет,"Да, много раз думал изменить ли мне профессию"
3.5,Женский,20,Жубанов(Актобе),Нейтрален,Друзья,"Да, исключительно из-за учителей или образования",Педагогика,Возможность влиять на изменения в области,Монотонная работа,Бизнес,3,Грант,Да,Да,"Да, много раз думал изменить ли мне профессию"
3.5,Женский,20,ЕНУ,Скорее доволен,Родители,Мне нравится моя профессия,Финансист,Возможность влиять на изменения в области,Низкая оплата труда,Педагогика,3,Платный,Да,Да,Редко
3.1,Мужской,19,Turan,Скорее доволен,Родители,"Нет, это не связано с учителями или образованием",Логистика,Перспектива карьерного роста,Недостаток поддержки со стороны учителей,Дизайнер,3,Платный,Да,Нет,Нет
3.6,Женский,20,Turan,Скорее доволен,Я сам(а) выбрал(а),Мне нравится моя профессия,Финансист,Перспектива карьерного роста,нет,Финансист,3,Грант,Нет,Нет,Нет
2.7,Мужской,19,ЗКМУ,Нейтрален,Родственники,"Да, но это только из за образования",Врач,Финансовая стабильность,Недостаток поддержки со стороны учителей,Не знаю,3,Платный,Нет,,Редко
3.3,Женский,19,Turan,Нейтрален,Я сам(а) выбрал(а),"Да, исключительно из-за учителей или образования",Менеджмент ,Перспектива карьерного роста,Высокий уровень стресса,Менеджмент,2,Платный,Нет,Нет,"Да, много раз думал изменить ли мне профессию"
3.2,Женский,18,Turan,Нейтрален,Я сам(а) выбрал(а),Мне нравится моя профессия,Программист,Финансовая стабильность,Монотонная работа,Программист,1,Грант,Нет,Нет,Редко
3.2,Женский,20,Асфендияров,Очень доволен,Я сам(а) выбрал(а),"Да, исключительно из-за учителей или образования",Врач,Удовлетворение от помощи другим людям,Высокий уровень стресса,Врач,3,Грант,Нет,Нет,"Да, много раз думал изменить ли мне профессию"
3.4,Женский,19,Turan,Скорее доволен,Я сам(а) выбрал(а),Мне нравится моя профессия,Финансист,Перспектива карьерного роста,Монотонная работа,Бизнес,2,Платный,Нет,Нет,Нет
3.6,Женский,19,Turan,Скорее доволен,Я сам(а) выбрал(а),"Да, исключительно из-за учителей или образования",Финансист,Перспектива карьерного роста,Пока не вижу недостатки,Финансист,3,Платный,Нет,Нет,Редко
3.3,Женский,20,Turan,Очень доволен,Родственники,"Да, исключительно из-за учителей или образования",Финансист,Перспектива карьерного роста,Высокий уровень стресса,Архитектор,3,Грант,Да,Да,"Да, много раз думал изменить ли мне профессию"
2,Женский,19,Turan,Скорее недоволен,Интернет,"Нет, это не связано с учителями или образованием",Финансист,Возможность творчества и самовыражения,Низкая оплата труда,Блогер,3,Платный,Да,Нет,"Да, много раз думал изменить ли мне профессию"
3.5,Женский,20,КазНУ,Скорее доволен,Я сам(а) выбрал(а),"Да, но это только из за образования",Переводчик,Финансовая стабильность,Высокий уровень стресса,Педагогика,3,Грант,Да,Нет,"Да, я просто хотел отучиться в гранте"
3.8,Мужской,19,ЗКМУ,Очень доволен,Друзья,Мне нравится моя профессия,Врач,Душа,Монотонная работа,"Жастар талабына сай, ямадекудассай",3,Грант,Да,Да,Я мечтал об этом 
3.5,Женский,21,Turan,Скорее доволен,Я сам(а) выбрал(а),"Нет, это не связано с учителями или образованием",Маркетолог,Перспектива карьерного роста,Низкая оплата труда,Бизнес,4,Платный,Да,Нет,Нет
3.1,Мужской,20,ЗКМУ,Скорее доволен,Родители,"Нет, это не связано с учителями или образованием",Врач,Перспектива карьерного роста,.,Не знаю,3,Платный,Нет,,Редко
3.2,Мужской,20,ЗКМУ,Скорее доволен,Родители,"Да, но только из за учителей",Врач,Финансовая стабильность,Низкая оплата труда,Врач,3,Грант,Нет,Нет,Редко
3.2,Женский,20,ЗКМУ,Скорее доволен,Родители,"Да, но только из за учителей",Врач,Возможность влиять на изменения в области,Высокий уровень стресса,Врач,3,Грант,Да,Нет,Нет
3.6,Женский,21,SDU,Нейтрален,Родственники,"Нет, это не связано с учителями или образованием",Программист,Перспектива карьерного роста,Высокий уровень стресса,Финансист,4,Грант,Нет,Нет,Редко
2.9,Мужской,21,SDU,Нейтрален,Друзья,"Нет, это не связано с учителями или образованием",Программист,Перспектива карьерного роста,Монотонная работа,Программист,4,Грант,Да,Да,Нет
3.2,Женский,19,ЗКМУ,Очень доволен,Я сам(а) выбрал(а),Мне нравится моя профессия,Врач,Удовлетворение от помощи другим людям,Низкая оплата труда,Врач,3,Платный,Нет,Нет,"Да, я просто хотел отучиться в гранте"
3.4,Женский,19,ЗКМУ,Скорее доволен,Я сам(а) выбрал(а),"Да, но это только из за образования",Программист,Удовлетворение от помощи другим людям,Низкая оплата труда,Врач,3,Грант,Нет,Нет,Редко
2.2,Мужской,20,SDU,Нейтрален,Я сам(а) выбрал(а),"Нет, это не связано с учителями или образованием",Программист,Перспектива карьерного роста,Высокий уровень стресса,Не знаю,3,Грант,Нет,Нет,Не получаю удовольствия 
3.2,Женский,22,SDU,Нейтрален,Родственники,"Нет, это не связано с учителями или образованием",Программист,Финансовая стабильность,Ограниченные возможности для карьерного роста,Менеджмент,4,Грант,Нет,Нет,"Да, я просто хотел отучиться в гранте"
3.6,Женский,18,Turan,Скорее доволен,Я сам(а) выбрал(а),"Да, но это только из за образования",Финансист,Перспектива карьерного роста,Монотонная работа,Творческая профессия ,3,Грант,Нет,Нет,Редко
3.5,Женский,19,SDU,Нейтрален,Родители,"Да, исключительно из-за учителей или образования",Педагогика,Удовлетворение от помощи другим людям,Высокий уровень стресса,Танцор ,3,Грант,Нет,Нет,"Да, много раз думал изменить ли мне профессию"
3.2,Мужской,22,Turan,Скорее доволен,Я сам(а) выбрал(а),"Да, исключительно из-за учителей или образования",Программист,Удовлетворение от помощи другим людям,Ограниченные возможности для карьерного роста,Дипломат,4,Платный,Да,Нет,Нет
3.3,Женский,19,SDU,Скорее недоволен,Родители,"Да, но только из за учителей",Педагогика,Удовлетворение от помощи другим людям,Высокий уровень стресса,Повар,2,Грант,Нет,,Редко
2.9,Женский,22,SDU,Скорее доволен,Друзья,Мне нравится моя профессия,Программист,Перспектива карьерного роста,Недостаток поддержки со стороны учителей,Бизнес,4,Платный,Да,Да,Редко
2.5,Мужской,19,SDU,Нейтрален,Я сам(а) выбрал(а),Мне нравится моя профессия,Программист,Перспектива карьерного роста,Монотонная работа,Бизнем,2,Грант,Нет,Нет,Нет
3,Мужской,19,Жубанов(Актобе),Нейтрален,Я сам(а) выбрал(а),"Нет, это не связано с учителями или образованием",Инженер,Перспектива карьерного роста,Монотонная работа,Не знаю,3,Грант,Нет,Нет,"Да, я просто хотел отучиться в гранте"
3.4,Женский,20,SDU,Скорее доволен,Я сам(а) выбрал(а),"Да, но это только из за образования",Программист,Возможность влиять на изменения в области,Ограниченные возможности для карьерного роста,Программист,3,Грант,Нет,Нет,Редко
3.3,Женский,21,SDU,Нейтрален,Я сам(а) выбрал(а),Мне нравится моя профессия,Программист,Перспектива карьерного роста,Высокий уровень стресса,Дизайнер,3,Грант,Нет,Нет,Редко
3.3,Женский,19,КазНУ,Скорее доволен,Я сам(а) выбрал(а),"Да, но только из за учителей",Педагогика,Перспектива карьерного роста,Недостаток поддержки со стороны учителей,Фотограф,3,Грант,Нет,Нет,Редко
3.9,Мужской,21,WSB university ,Очень доволен,Я сам(а) выбрал(а),"Нет, это не связано с учителями или образованием",Менеджмент,Перспектива карьерного роста,Низкая оплата труда,Менеджмент,3,Платный,Да,Да,Редко
3.4,Женский,19,Narxoz University ,Скорее доволен,Я сам(а) выбрал(а),"Нет, это не связано с учителями или образованием",Туризм,Перспектива карьерного роста,Высокий уровень стресса,Турагент,2,Грант,Да,Да,Редко
3.8,Женский,20,РГГУ,Скорее доволен,Я сам(а) выбрал(а),"Да, исключительно из-за учителей или образования",Дипломат,Финансовая стабильность,Ограниченные возможности для карьерного роста,Политолог,3,Грант,Да,Нет,"Да, много раз думал изменить ли мне профессию"
3,Женский,20,SDU,Скорее недоволен,Я сам(а) выбрал(а),"Нет, это не связано с учителями или образованием",Программист,Финансовая стабильность,Монотонная работа,Педагогика,3,Грант,Да,Нет,Редко
3.9,Женский,21,СГУ (Саратов),Скорее доволен,Я сам(а) выбрал(а),"Да, но это только из за образования",Туризм,Возможность творчества и самовыражения,Высокий уровень стресса,Турагент,3,Грант,Да,Нет,Нет
2,Женский,20,SDU,Скорее доволен,Родители,"Да, но только из за учителей",Программист,Перспектива карьерного роста,Высокий уровень стресса,Финансист,3,Грант,Нет,Нет,Редко
2.9,Мужской,20,SDU,Очень доволен,Родственники,"Да, но только из за учителей",Программист,Финансовая стабильность,Конкуренция,Программист,3,Грант,Нет,Нет,Редко
3,Мужской,20,SDU,Скорее доволен,Я сам(а) выбрал(а),"Да, но это только из за образования",Программист,Перспектива карьерного роста,Недостаток поддержки со стороны учителей,Нефтяник,3,Грант,Нет,Нет,Редко
3,Мужской,20,SDU,Скорее доволен,Интернет,"Нет, это не связано с учителями или образованием",Программист,Возможность творчества и самовыражения,Конкуренция,Пилот,3,Грант,Нет,Нет,Нет
2.8,Мужской,20,SDU,Скорее доволен,Родственники,"Да, но это только из за образования",Юрист,Удовлетворение от помощи другим людям,Ограниченные возможности для карьерного роста,Юрист,3,Грант,Нет,Нет,Редко
3.1,Женский,19,Асфендияров,Скорее доволен,Родители,"Да, исключительно из-за учителей или образования",Врач,Удовлетворение от помощи другим людям,Высокий уровень стресса,Врач,3,Грант,Нет,Нет,Редко
2.9,Женский,21,МУА(Астана),Очень доволен,Родственники,"Да, но только из за учителей",Врач,Финансовая стабильность,Ограниченные возможности для карьерного роста,Бизнес,4,Платный,Да,Нет,Редко
3.5,Мужской,20,Жубанов(Актобе),Скорее доволен,Я сам(а) выбрал(а),"Да, исключительно из-за учителей или образования",Педагогика,Возможность влиять на изменения в области,Ограниченные возможности для карьерного роста,Педагогика,3,Грант,Да,Да,Редко
3.4,Женский,20,КазНУ,Скорее доволен,Я сам(а) выбрал(а),"Да, исключительно из-за учителей или образования",Педагогика,Удовлетворение от помощи другим людям,Монотонная работа,Педагогика,3,Платный,Да,Нет,"Да, много раз думал изменить ли мне профессию"
3.4,Женский,19,Turan,Очень доволен,Родственники,Мне нравится моя профессия,Логистика,Финансовая стабильность,Монотонная работа,Экономист,3,Платный,Да,Да,Редко
3.3,Мужской,20,Turan,Очень доволен,Родственники,"Да, но только из за учителей",Логистика,Финансовая стабильность,Монотонная работа,Юрист,3,Платный,Да,Да,Нет
2.9,Мужской,20,МУА(Астана),Скорее доволен,Я сам(а) выбрал(а),"Да, исключительно из-за учителей или образования",Врач,Удовлетворение от помощи другим людям,Низкая оплата труда,Бизнес,3,Грант,Да,Нет,"Да, много раз думал изменить ли мне профессию"
3.4,Мужской,19,Жубанов(Актобе),Скорее доволен,Учителя,"Нет, это не связано с учителями или образованием",Программист,Финансовая стабильность,Недостаток поддержки со стороны учителей,Бизнес,2,Платный,Да,Нет,Редко
2.6,Мужской,20,КазНУ,Нейтрален,Я сам(а) выбрал(а),"Да, исключительно из-за учителей или образования",Автоматизация,Перспектива карьерного роста,Монотонная работа,Программист,3,Грант,Нет,Нет,"Да, я просто хотел отучиться в гранте"
3.7,Женский,18,Жубанов(Актобе),Очень доволен,Я сам(а) выбрал(а),Мне нравится моя профессия,Педагогика,Удовлетворение от помощи другим людям,Ограниченные возможности для карьерного роста,Педагогика,2,Грант,Да,Да,Нет
3.2,Женский,19,КазНУ,Скорее доволен,Я сам(а) выбрал(а),"Да, но это только из за образования",Психолог,Удовлетворение от помощи другим людям,Ограниченные возможности для карьерного роста,Психолог,2,Платный,Нет,Нет,Нет
3.1,Мужской,19,Жубанов(Актобе),Скорее доволен,Я сам(а) выбрал(а),"Да, но только из за учителей",Механик,Возможность творчества и самовыражения,Низкая оплата труда,Бизнес,3,Платный,Да,Да,Редко
2.8,Мужской,19,ЗКМУ,Нейтрален,Родители,"Нет, это не связано с учителями или образованием",Врач,Удовлетворение от помощи другим людям,Низкая оплата труда,Юрист,3,Платный,Нет,Нет,"Да, много раз думал изменить ли мне профессию"
2.4,Женский,19,ЗКМУ,Скорее недоволен,Родственники,"Да, исключительно из-за учителей или образования",Врач,Удовлетворение от помощи другим людям,Низкая оплата труда,Педагогика,3,Платный,Да,Нет,"Да, много раз думал изменить ли мне профессию"
3.8,Мужской,18,KBTU,Очень доволен,Я сам(а) выбрал(а),"Нет, это не связано с учителями или образованием",Программист,Возможность творчества и самовыражения,Недостаток поддержки со стороны учителей,Программист,1,Грант,Нет,Нет,Нет
2.4,Мужской,20,МУА(Астана),Скорее доволен,Я сам(а) выбрал(а),"Нет, это не связано с учителями или образованием",Врач,Удовлетворение от помощи другим людям,Низкая оплата труда,Врач,3,Грант,Да,Нет,Редко
2.9,Женский,19,KBTU,Очень доволен,Я сам(а) выбрал(а),"Нет, это не связано с учителями или образованием",Маркетинг,Возможность творчества и самовыражения,Высокий уровень стресса,Маркетинг,2,Грант,Да,Да,Нет
3,Мужской,19,KBTU,Скорее доволен,Интернет,"Нет, это не связано с учителями или образованием",Маркетинг,Возможность творчества и самовыражения,Ограниченные возможности для карьерного роста,Маркетинг,2,Грант,Да,Нет,Нет
3.4,Мужской,20,KBTU,Скорее доволен,Я сам(а) выбрал(а),Мне нравится моя профессия,Менеджмент,Удовлетворение от помощи другим людям,Высокий уровень стресса,Менеджмент,3,Грант,Да,Да,Редко
3.5,Мужской,19,KBTU,Скорее доволен,Я сам(а) выбрал(а),"Да, но это только из за образования",Менеджмент,Возможность творчества и самовыражения,Высокий уровень стресса,Менеджмент,3,Грант,Нет,Нет,Редко
2.9,Женский,18,Жубанов(Актобе),Очень недоволен,Родители,"Нет, это не связано с учителями или образованием",Педагогика,Удовлетворение от помощи другим людям,Монотонная работа,Архитектор,1,Грант,Нет,,"Да, я просто хотел отучиться в гранте"
3.3,Женский,18,Жубанов(Актобе),Скорее недоволен,Родители,"Да, но это только из за образования",Педагогика,Удовлетворение от помощи другим людям,Монотонная работа,Доктор,1,Грант,Нет,,"Да, много раз думал изменить ли мне профессию"
2.7,Мужской,18,Жубанов(Актобе),Скорее доволен,Друзья,Мне нравится моя профессия,Педагогика,Финансовая стабильность,Монотонная работа,Пилот,1,Грант,Нет,,Редко
2.8,Женский,19,Жубанов(Актобе),Нейтрален,Друзья,"Нет, это не связано с учителями или образованием",Педагогика,Перспектива карьерного роста,Высокий уровень стресса,Военный,1,Грант,Нет,,Редко
3.1,Мужской,21,SDU,Скорее доволен,Я сам(а) выбрал(а),"Да, но это только из за образования",Педагогика,Финансовая стабильность,Высокий уровень стресса,Педагогика,3,Грант,Нет,,Нет
2.9,Мужской,22,Жубанов(Актобе),Скорее доволен,Интернет,"Да, но только из за учителей",Программист,Возможность влиять на изменения в области,Недостаток поддержки со стороны учителей,Военный,4,Грант,Да,Да,Редко
3.4,Мужской,21,Асфендияров,Скорее доволен,Родители,"Да, но только из за учителей",Врач,Финансовая стабильность,Высокий уровень стресса,Врач,3,Платный,Нет,,Редко
3.1,Женский,19,SDU,Скорее доволен,Я сам(а) выбрал(а),"Да, но только из за учителей",Дипломат,Перспектива карьерного роста,Недостаток поддержки со стороны учителей,Юрист,2,Грант,Нет,,Нет
2.9,Мужской,18,КазНУ,Скорее доволен,Учителя,Мне нравится моя профессия,Археолог,Финансовая стабильность,Ограниченные возможности для карьерного роста,Военный,1,Грант,Нет,,Нет
3.7,Мужской,18,KBTU,Очень доволен,Родители,Мне нравится моя профессия,Нефтяник,Финансовая стабильность,Недостаток поддержки со стороны учителей,Депутат,1,Платный,Нет,,Редко
3.4,Мужской,18,KBTU,Очень доволен,Друзья,"Нет, это не связано с учителями или образованием",Нефтяник,Финансовая стабильность,должно быть связи,Военный,1,Грант,Нет,,Редко
3.1,Женский,20,Асфендияров,Нейтрален,Родители,"Да, но только из за учителей",Врач,Финансовая стабильность,Высокий уровень стресса,Врач,3,Платный,Нет,,Редко
2.2,Мужской,19,SDU,Скорее доволен,Я сам(а) выбрал(а),"Да, исключительно из-за учителей или образования",Программист,Финансовая стабильность,Ограниченные возможности для карьерного роста,Врач,3,Грант,Нет,Нет,Нет
3.3,Женский,20,МУА(Астана),Скорее доволен,Я сам(а) выбрал(а),"Да, но только из за учителей",Врач,Удовлетворение от помощи другим людям,Высокий уровень стресса,Врач,2,Платный,Нет,,Нет
3,Мужской,19,SDU,Нейтрален,Я сам(а) выбрал(а),"Да, но только из за учителей",Программист,Финансовая стабильность,Ограниченные возможности для карьерного роста,Инженер ,3,Платный,Нет,Нет,"Да, много раз думал изменить ли мне профессию"
2.6,Мужской,20,SDU,Скорее доволен,Интернет,"Да, но только из за учителей",Программист,Возможность влиять на изменения в области,Недостаток поддержки со стороны учителей,Пилот,2,Грант,Нет,,Нет
3.3,Женский,20,SDU,Скорее доволен,Друзья,"Да, но это только из за образования",Программист,Финансовая стабильность,Недостаток поддержки со стороны учителей,Военный,3,Грант,Да,Нет,Редко
3,Мужской,19,SDU,Скорее доволен,Интернет,"Да, но только из за учителей",Программист,Финансовая стабильность,Недостаток поддержки со стороны учителей,Врач,2,Грант,Нет,,Нет
2.9,Мужской,18,SDU,Очень доволен,Я сам(а) выбрал(а),Мне нравится моя профессия,Программист,Финансовая стабильность,Недостаток поддержки со стороны учителей,Программист,1,Грант,Да,Да,Нет
2.3,Мужской,19,Жубанов(Актобе),Скорее недоволен,Родители,"Да, но это только из за образования",Металлург,Возможность влиять на изменения в области,Низкая оплата труда,Программист,2,Грант,Нет,,"Да, я просто хотел отучиться в гранте"
2.9,Женский,18,SDU,Скорее доволен,Друзья,"Да, но только из за учителей",Программист,Финансовая стабильность,Недостаток поддержки со стороны учителей,Юрист,1,Грант,Нет,,Редко
2.8,Мужской,21,SDU,Скорее доволен,Интернет,"Да, но это только из за образования",Программист,Возможность творчества и самовыражения,Недостаток поддержки со стороны учителей,Военный,4,Грант,Да,Да,Нет
3.2,Мужской,22,SDU,Скорее доволен,Я сам(а) выбрал(а),"Да, но только из за учителей",Программист,Возможность влиять на изменения в области,Недостаток поддержки со стороны учителей,Программист,4,Грант,Да,Нет,Редко
3.5,Женский,21,SDU,Очень доволен,Друзья,Мне нравится моя профессия,Программист,Возможность влиять на изменения в области,Недостаток поддержки со стороны учителей,Художник,4,Грант,Да,Да,Нет
3.1,Женский,19,Асфендияров,Скорее доволен,Родители,"Да, но только из за учителей",Врач,Удовлетворение от помощи другим людям,Высокий уровень стресса,Врач,2,Платный,Нет,,Редко
3,Мужской,22,KBTU,Скорее доволен,Я сам(а) выбрал(а),"Да, но это только из за образования",Инженер,Перспектива карьерного роста,Монотонная работа,Инженер,4,Платный,Нет,,Нет
2.5,Женский,18,SDU,Скорее доволен,Интернет,"Да, но это только из за образования",Программист,Удовлетворение от помощи другим людям,Низкая оплата труда,Архитектор ,3,Грант,Да,Нет,"Да, я просто хотел отучиться в гранте"
3.8,Мужской,23,ЗКМУ,Скорее недоволен,Родители,"Нет, это не связано с учителями или образованием",Врач,Удовлетворение от помощи другим людям,Низкая оплата труда,Бизнес,4,Грант,Да,Да,"Да, много раз думал изменить ли мне профессию"
2.8,Женский,19,КазНУ,Скорее недоволен,Родственники,"Да, но только из за учителей",IT,Финансовая стабильность,Недостаток поддержки со стороны учителей,Юрист,2,Грант,Нет,,"Да, я просто хотел отучиться в гранте"
3.5,Мужской,19,KBTU,Очень доволен,Я сам(а) выбрал(а),Мне нравится моя профессия,IT,Возможность творчества и самовыражения,Монотонная работа,Программист,1,Грант,Нет,Нет,Нет
3.9,Женский,18,Жубанов(Актобе),Скорее доволен,Учителя,Мне нравится моя профессия,Педагогика ,Возможность влиять на изменения в области,Высокий уровень стресса,Педагогика ,2,Платный,Да,Да,Редко
2.8,Женский,20,Асфендияров,Скорее доволен,Родители,"Нет, это не связано с учителями или образованием",Врач,Перспектива карьерного роста,Низкая оплата труда,Дизайнер,4,Грант,Нет,Нет,"Да, много раз думал изменить ли мне профессию"
3,Женский,21,KBTU,Скорее доволен,Интернет,"Да, но это только из за образования",IT,Финансовая стабильность,Недостаток поддержки со стороны учителей,Дизайнер,3,Грант,Да,Да,Нет
3.2,Женский,19,МУА(Астана),Нейтрален,Я сам(а) выбрал(а),"Да, исключительно из-за учителей или образования",Общая медицина,Возможность влиять на изменения в области,Низкая оплата труда,Врач,3,Грант,Нет,Нет,"Да, много раз думал изменить ли мне профессию"
3.2,Женский,20,МУА(Астана),Очень доволен,Я сам(а) выбрал(а),"Да, исключительно из-за учителей или образования",общая медицина ,Возможность влиять на изменения в области,Низкая оплата труда,Врач,3,Грант,Нет,Нет,Редко
2.9,Женский,20,SDU,Скорее доволен,Родители,"Да, но только из за учителей",IS,Перспектива карьерного роста,Высокий уровень стресса,Финансист,3,Грант,Нет,Нет,Редко
2.9,Мужской,20,SDU,Очень доволен,Родственники,"Да, но только из за учителей",Программист,Финансовая стабильность,Конкуренция,Программист,3,Грант,Нет,Нет,Редко